match_id,venue,city,team1,team2,toss_winner,toss_decision,winner
1527674,"M Chinnaswamy Stadium, Bengaluru",Bengaluru,Sunrisers Hyderabad,Royal Challengers Bengaluru,Royal Challengers Bengaluru,field,Royal Challengers Bengaluru
1527675,"Wankhede Stadium, Mumbai",Mumbai,Kolkata Knight Riders,Mumbai Indians,Mumbai Indians,field,Mumbai Indians
1527676,"Barsapara Cricket Stadium, Guwahati",Guwahati,Chennai Super Kings,Rajasthan Royals,Rajasthan Royals,field,Rajasthan Royals
1527677,"Maharaja Yadavindra Singh International Cricket Stadium, New Chandigarh",New Chandigarh,Gujarat Titans,Punjab Kings,Punjab Kings,field,Punjab Kings
1527678,"Bharat Ratna Shri Atal Bihari Vajpayee Ekana Cricket Stadium, Lucknow",Lucknow,Lucknow Super Giants,Delhi Capitals,Delhi Capitals,field,Delhi Capitals
1527679,"Eden Gardens, Kolkata",Kolkata,Sunrisers Hyderabad,Kolkata Knight Riders,Kolkata Knight Riders,field,Sunrisers Hyderabad
1527680,"MA Chidambaram Stadium, Chepauk, Chennai",Chennai,Chennai Super Kings,Punjab Kings,Punjab Kings,field,Punjab Kings
1527681,"Arun Jaitley Stadium, Delhi",Delhi,Mumbai Indians,Delhi Capitals,Delhi Capitals,field,Delhi Capitals
1527682,"Narendra Modi Stadium, Ahmedabad",Ahmedabad,Rajasthan Royals,Gujarat Titans,Rajasthan Royals,bat,Rajasthan Royals
1527683,"Rajiv Gandhi International Stadium, Uppal, Hyderabad",Hyderabad,Sunrisers Hyderabad,Lucknow Super Giants,Lucknow Super Giants,field,Lucknow Super Giants
1527684,"M Chinnaswamy Stadium, Bengaluru",Bengaluru,Royal Challengers Bengaluru,Chennai Super Kings,Chennai Super Kings,field,Royal Challengers Bengaluru
1527685,"Eden Gardens, Kolkata",Kolkata,Kolkata Knight Riders,Punjab Kings,Kolkata Knight Riders,bat,
1527686,"Barsapara Cricket Stadium, Guwahati",Guwahati,Rajasthan Royals,Mumbai Indians,Mumbai Indians,field,Rajasthan Royals
1527687,"Arun Jaitley Stadium, Delhi",Delhi,Gujarat Titans,Delhi Capitals,Delhi Capitals,field,Gujarat Titans
1527688,"Eden Gardens, Kolkata",Kolkata,Kolkata Knight Riders,Lucknow Super Giants,Lucknow Super Giants,field,Lucknow Super Giants
1527689,"Barsapara Cricket Stadium, Guwahati",Guwahati,Royal Challengers Bengaluru,Rajasthan Royals,Rajasthan Royals,field,Rajasthan Royals
1527690,"Maharaja Yadavindra Singh International Cricket Stadium, New Chandigarh",New Chandigarh,Sunrisers Hyderabad,Punjab Kings,Punjab Kings,field,Punjab Kings
1527691,"MA Chidambaram Stadium, Chepauk, Chennai",Chennai,Chennai Super Kings,Delhi Capitals,Delhi Capitals,field,Chennai Super Kings
1527692,"Bharat Ratna Shri Atal Bihari Vajpayee Ekana Cricket Stadium, Lucknow",Lucknow,Lucknow Super Giants,Gujarat Titans,Gujarat Titans,field,Gujarat Titans
1527693,"Wankhede Stadium, Mumbai",Mumbai,Royal Challengers Bengaluru,Mumbai Indians,Mumbai Indians,field,Royal Challengers Bengaluru
1529264,"Rajiv Gandhi International Stadium, Uppal, Hyderabad",Hyderabad,Sunrisers Hyderabad,Rajasthan Royals,Rajasthan Royals,field,Sunrisers Hyderabad
1529265,"MA Chidambaram Stadium, Chepauk, Chennai",Chennai,Chennai Super Kings,Kolkata Knight Riders,Kolkata Knight Riders,field,Chennai Super Kings
1529266,"M Chinnaswamy Stadium, Bengaluru",Bengaluru,Lucknow Super Giants,Royal Challengers Bengaluru,Royal Challengers Bengaluru,field,Royal Challengers Bengaluru
1529267,"Wankhede Stadium, Mumbai",Mumbai,Mumbai Indians,Punjab Kings,Punjab Kings,field,Punjab Kings
1529268,"Narendra Modi Stadium, Ahmedabad",Ahmedabad,Kolkata Knight Riders,Gujarat Titans,Kolkata Knight Riders,bat,Gujarat Titans
1529269,"M Chinnaswamy Stadium, Bengaluru",Bengaluru,Royal Challengers Bengaluru,Delhi Capitals,Delhi Capitals,field,Delhi Capitals
1529270,"Rajiv Gandhi International Stadium, Uppal, Hyderabad",Hyderabad,Sunrisers Hyderabad,Chennai Super Kings,Chennai Super Kings,field,Sunrisers Hyderabad
1529271,"Eden Gardens, Kolkata",Kolkata,Rajasthan Royals,Kolkata Knight Riders,Rajasthan Royals,bat,Kolkata Knight Riders
1529272,"Maharaja Yadavindra Singh International Cricket Stadium, New Chandigarh",New Chandigarh,Punjab Kings,Lucknow Super Giants,Lucknow Super Giants,field,Punjab Kings
1529273,"Narendra Modi Stadium, Ahmedabad",Ahmedabad,Mumbai Indians,Gujarat Titans,Gujarat Titans,field,Mumbai Indians
1529274,"Rajiv Gandhi International Stadium, Uppal, Hyderabad",Hyderabad,Sunrisers Hyderabad,Delhi Capitals,Delhi Capitals,field,Sunrisers Hyderabad
1529275,"Bharat Ratna Shri Atal Bihari Vajpayee Ekana Cricket Stadium, Lucknow",Lucknow,Rajasthan Royals,Lucknow Super Giants,Lucknow Super Giants,field,Rajasthan Royals
1529276,"Wankhede Stadium, Mumbai",Mumbai,Chennai Super Kings,Mumbai Indians,Mumbai Indians,field,Chennai Super Kings
1529277,"M Chinnaswamy Stadium, Bengaluru",Bengaluru,Gujarat Titans,Royal Challengers Bengaluru,Royal Challengers Bengaluru,field,Royal Challengers Bengaluru
1529278,"Arun Jaitley Stadium, Delhi",Delhi,Delhi Capitals,Punjab Kings,Delhi Capitals,bat,Punjab Kings
1529279,"Sawai Mansingh Stadium, Jaipur",Jaipur,Rajasthan Royals,Sunrisers Hyderabad,Sunrisers Hyderabad,field,Sunrisers Hyderabad
1529280,"MA Chidambaram Stadium, Chepauk, Chennai",Chennai,Chennai Super Kings,Gujarat Titans,Gujarat Titans,field,Gujarat Titans
1529281,"Bharat Ratna Shri Atal Bihari Vajpayee Ekana Cricket Stadium, Lucknow",Lucknow,Kolkata Knight Riders,Lucknow Super Giants,Lucknow Super Giants,field,
1529282,"Arun Jaitley Stadium, Delhi",Delhi,Delhi Capitals,Royal Challengers Bengaluru,Royal Challengers Bengaluru,field,Royal Challengers Bengaluru
1529283,"Maharaja Yadavindra Singh International Cricket Stadium, New Chandigarh",New Chandigarh,Punjab Kings,Rajasthan Royals,Rajasthan Royals,field,Rajasthan Royals
1529284,"Wankhede Stadium, Mumbai",Mumbai,Mumbai Indians,Sunrisers Hyderabad,Mumbai Indians,bat,Sunrisers Hyderabad
1529285,"Narendra Modi Stadium, Ahmedabad",Ahmedabad,Royal Challengers Bengaluru,Gujarat Titans,Gujarat Titans,field,Gujarat Titans
1529286,"Sawai Mansingh Stadium, Jaipur",Jaipur,Rajasthan Royals,Delhi Capitals,Rajasthan Royals,bat,Delhi Capitals
1529287,"MA Chidambaram Stadium, Chepauk, Chennai",Chennai,Mumbai Indians,Chennai Super Kings,Mumbai Indians,bat,Chennai Super Kings
1529288,"Rajiv Gandhi International Stadium, Uppal, Hyderabad",Hyderabad,Sunrisers Hyderabad,Kolkata Knight Riders,Sunrisers Hyderabad,bat,Kolkata Knight Riders
1529289,"Narendra Modi Stadium, Ahmedabad",Ahmedabad,Punjab Kings,Gujarat Titans,Gujarat Titans,field,Gujarat Titans
1529290,"Wankhede Stadium, Mumbai",Mumbai,Lucknow Super Giants,Mumbai Indians,Mumbai Indians,field,Mumbai Indians
1529291,"Arun Jaitley Stadium, Delhi",Delhi,Delhi Capitals,Chennai Super Kings,Delhi Capitals,bat,Chennai Super Kings
1529292,"Rajiv Gandhi International Stadium, Uppal, Hyderabad",Hyderabad,Sunrisers Hyderabad,Punjab Kings,Punjab Kings,field,Sunrisers Hyderabad
1529293,"Bharat Ratna Shri Atal Bihari Vajpayee Ekana Cricket Stadium, Lucknow",Lucknow,Lucknow Super Giants,Royal Challengers Bengaluru,Royal Challengers Bengaluru,field,Lucknow Super Giants
1529294,"Arun Jaitley Stadium, Delhi",Delhi,Delhi Capitals,Kolkata Knight Riders,Kolkata Knight Riders,field,Kolkata Knight Riders
1529295,"Sawai Mansingh Stadium, Jaipur",Jaipur,Gujarat Titans,Rajasthan Royals,Rajasthan Royals,field,Gujarat Titans
1529296,"MA Chidambaram Stadium, Chepauk, Chennai",Chennai,Lucknow Super Giants,Chennai Super Kings,Chennai Super Kings,field,Chennai Super Kings
1529297,"Shaheed Veer Narayan Singh International Stadium, Raipur",Raipur,Mumbai Indians,Royal Challengers Bengaluru,Royal Challengers Bengaluru,field,Royal Challengers Bengaluru
1529298,"Himachal Pradesh Cricket Association Stadium, Dharamsala",Dharamsala,Punjab Kings,Delhi Capitals,Delhi Capitals,field,Delhi Capitals
1529299,"Narendra Modi Stadium, Ahmedabad",Ahmedabad,Gujarat Titans,Sunrisers Hyderabad,Sunrisers Hyderabad,field,Gujarat Titans
1529300,"Shaheed Veer Narayan Singh International Stadium, Raipur",Raipur,Kolkata Knight Riders,Royal Challengers Bengaluru,Royal Challengers Bengaluru,field,Royal Challengers Bengaluru
1529301,"Himachal Pradesh Cricket Association Stadium, Dharamsala",Dharamsala,Punjab Kings,Mumbai Indians,Mumbai Indians,field,Mumbai Indians
1529302,"Bharat Ratna Shri Atal Bihari Vajpayee Ekana Cricket Stadium, Lucknow",Lucknow,Chennai Super Kings,Lucknow Super Giants,Lucknow Super Giants,field,Lucknow Super Giants
1529303,"Eden Gardens, Kolkata",Kolkata,Kolkata Knight Riders,Gujarat Titans,Gujarat Titans,field,Kolkata Knight Riders
1529304,"Himachal Pradesh Cricket Association Stadium, Dharamsala",Dharamsala,Royal Challengers Bengaluru,Punjab Kings,Punjab Kings,field,Royal Challengers Bengaluru
1529305,"Arun Jaitley Stadium, Delhi",Delhi,Rajasthan Royals,Delhi Capitals,Delhi Capitals,field,Delhi Capitals
1529306,"MA Chidambaram Stadium, Chepauk, Chennai",Chennai,Chennai Super Kings,Sunrisers Hyderabad,Chennai Super Kings,bat,Sunrisers Hyderabad
1529307,"Sawai Mansingh Stadium, Jaipur",Jaipur,Lucknow Super Giants,Rajasthan Royals,Rajasthan Royals,field,Rajasthan Royals
1529308,"Eden Gardens, Kolkata",Kolkata,Mumbai Indians,Kolkata Knight Riders,Kolkata Knight Riders,field,Kolkata Knight Riders
1529309,"Narendra Modi Stadium, Ahmedabad",Ahmedabad,Gujarat Titans,Chennai Super Kings,Chennai Super Kings,field,Gujarat Titans
1529310,"Rajiv Gandhi International Stadium, Uppal, Hyderabad",Hyderabad,Sunrisers Hyderabad,Royal Challengers Bengaluru,Sunrisers Hyderabad,bat,Sunrisers Hyderabad
1529311,"Bharat Ratna Shri Atal Bihari Vajpayee Ekana Cricket Stadium, Lucknow",Lucknow,Lucknow Super Giants,Punjab Kings,Punjab Kings,field,Punjab Kings
1529312,"Wankhede Stadium, Mumbai",Mumbai,Rajasthan Royals,Mumbai Indians,Mumbai Indians,field,Rajasthan Royals
1529313,"Eden Gardens, Kolkata",Kolkata,Delhi Capitals,Kolkata Knight Riders,Kolkata Knight Riders,field,Delhi Capitals
1535462,"Himachal Pradesh Cricket Association Stadium, Dharamsala",Dharamsala,Royal Challengers Bengaluru,Gujarat Titans,Gujarat Titans,field,Royal Challengers Bengaluru
1535463,"Maharaja Yadavindra Singh International Cricket Stadium, New Chandigarh",New Chandigarh,Rajasthan Royals,Sunrisers Hyderabad,Sunrisers Hyderabad,field,Rajasthan Royals
1535464,"Maharaja Yadavindra Singh International Cricket Stadium, New Chandigarh",New Chandigarh,Rajasthan Royals,Gujarat Titans,Rajasthan Royals,bat,Gujarat Titans
1535465,"Narendra Modi Stadium, Ahmedabad",Ahmedabad,Gujarat Titans,Royal Challengers Bengaluru,Royal Challengers Bengaluru,field,Royal Challengers Bengaluru
